Indicator,AlienvaultPulseID
11eadcf3f1bc9b0ed6994c3ede299ce8,648075655dea5621190d8e57
359a1141a79480555aa996fd6d9e4af1,648075655dea5621190d8e57
67fca3e84490dfdddf72e9ba558b589a,648075655dea5621190d8e57
7d5e5537c5346d764f067f66cca426ba,648075655dea5621190d8e57
8cd6c75e6160b90de2a52c967b3d4846,648075655dea5621190d8e57
911230b5dca1c43f6d22e65c66b0f6b1,648075655dea5621190d8e57
a85299f78ab5dd05e7f0f11ecea165ea,648075655dea5621190d8e57
b1bdad086567efd202babf56eac17e1d,648075655dea5621190d8e57
bf7c1dd613101c0a95027249a5fcb759,648075655dea5621190d8e57
